{
  "ae_threshold": 5.2126970291137695,
  "fc_threshold": 5.407878875732422,
  "ae_percentile": 99.9,
  "fc_percentile": 99.9,
  "sampled_val_windows": 37888,
  "sampled_test_windows": 37888
}